name,img,video,id
Bubble Mug,http://www.gordonsinclair.com/site/images/Bubble-Mug.png,https://youtu.be/LiE8xysjT1k,1
Bubble Wall Clock,http://shopping.na3.netsuite.com/c.560765/site/images/Bubble-Clock.png,https://youtu.be/1h39zInHCfs,2
Heat Changing Mugs,http://shopping.netsuite.com/c.560765/site/images/HM-24-B.png,https://youtu.be/_dbFwDiizJU,3
Slurpy Tumblers,http://shopping.netsuite.com/c.560765/site/images/TM-50-GROUP.png,https://youtu.be/NwuEeOfmJuM,4
iBean,http://shopping.netsuite.com/c.560765/site/images/MT-001-Group.png,https://youtu.be/iSH5UyMahaI,5
Glitter Tumblers,http://shopping.netsuite.com/c.560765/site/images/LS-56.png,https://youtu.be/4V95YnDoynI,6
G-Storm Sports Bottle,http://shopping.netsuite.com/c.560765/site/images/SB-277-Group.png,https://youtu.be/0KHplqh77x0,7
Global Hub,http://shopping.netsuite.com/c.560765/site/images/HUB-1046-Group.png,https://youtu.be/e2YESPQ0dtw,8
Color me Speaker,http://shopping.netsuite.com/c.560765/site/images/SPK-08.png,https://youtu.be/jAvSYfAVwqI,9
Slim Jim,http://shopping.netsuite.com/c.560765/site/images/AFC-401.png,https://youtu.be/zSj6mrzMwjA,10
Party Pong,http://shopping.netsuite.com/c.560765/site/images/PP-25.png,https://youtu.be/SRMOfQ3bYrA,11
iWallet,http://shopping.netsuite.com/c.560765/site/images/CW-10_GROUP.png,https://youtu.be/fSb_JL4swwg,12
Sili Square,http://shopping.netsuite.com/c.560765/site/images/SLS-32_ELLIOTT-GROUP.png,https://youtu.be/GVpZzGCzdCc,13
Mango Tango,http://shopping.netsuite.com/c.560765/site/images/SC-2088_OPEN.png,https://youtu.be/28XfXCBWbR8,14
Gourmet Lunch Box,http://shopping.netsuite.com/c.560765/site/images/LB-20-FRESCO.png,https://youtu.be/fEJmUwHSLjo,15
Denali,http://shopping.netsuite.com/c.560765/site/images/TM-29_GROUP.png,https://youtu.be/vlUxHXwGYOo,16
Good Vibrations,http://shopping.netsuite.com/c.560765/site/images/SPK-10-2.png,https://youtu.be/hKiVtZKIYrQ,17
Cell Wallet,http://shopping.netsuite.com/c.560765/site/images/cw25open.png,https://youtu.be/O1bJ9axyfso,18
Blue Tunes,http://shopping.netsuite.com/c.560765/site/images/SPK-679-GIFT-BOX.png,https://youtu.be/vFBOkJc9nZQ,19
